Customer Name,State,Product,Units Sold,Unit Price,Total Sale,Sale Date,Sales Channel
Matthew Moore,rivers,KEYBOARD,47.0,157889.24,7420794.279999999,2025-04-27,Online
Allison Hill,Lagos,Headphones,47.0,267992.94,12595668.18,2024-03-15,Wholesale
Noah Rhodes,Anambra,Keyboard,47.0,42364.41,1991127.2700000003,2024-12-10,Direct
Angie Henderson,Delta,Keyboard,47.0,279444.94,13133912.18,2024-04-05,Direct
Daniel Wagner,Delta,Tablet,47.0,95899.74,4507287.78,2025-01-12,Direct
Cristian Santos,Oyo,Camera,47.0,118189.9,5554925.3,2023-08-30,Direct
Connie Lawrence,Rivers,Tablet,36.0,185141.9,6665108.399999999,2024-09-10,Wholesale
Abigail Shaffer,Imo,Keyboard,47.0,252859.28,11884386.16,2024-09-04,Online
Gina Moore,Kano,CAMERA,47.0,178320.53,8381064.91,2024-02-21,Wholesale
Gabrielle Davis,plateau,Tablet,47.0,152440.84,7164719.4799999995,2025-06-02,Direct
Ryan Munoz,Niger,Keyboard,47.0,157889.24,7420794.279999999,2024-02-28,Direct
Monica Herrera,Abuja,Laptop,3.0,153159.37,459478.11,2025-05-02,Retail
Jamie Arnold,Lagos,Tablet,43.0,147209.07,6329990.010000001,2023-11-10,Wholesale
Matthew Moore,Kano,Camera,47.0,169095.82,7947503.54,2025-01-13,Direct
Lisa Hensley,Enugu,Tablet,27.0,142730.33,3853718.9099999997,2025-01-12,Direct
Michele Williams,Delta,Charger,47.0,5482.77,257690.19000000003,2025-06-30,Direct
Dylan Miller,Bauchi,CHARGER,47.0,99706.26,4686194.22,2025-01-04,Retail
Brian Ramirez,Katsina,Laptop,28.0,33326.57,933143.96,2024-11-17,Direct
Holly Wood,lagos,Headphones,43.0,125253.81,5385913.83,2023-11-23,Direct
Derek Zuniga,Imo,Headphones,77.0,92649.51,7134012.27,2025-03-18,Online
Lisa Jackson,Enugu,Camera,36.0,157889.24,5684012.64,2024-04-16,Direct
Carla Gray,Imo,Monitor,47.0,269680.75,12674995.25,2024-08-09,Wholesale
Margaret Hawkins DDS,Niger,Headphones,33.0,261693.68,8635891.44,2024-01-01,Retail
Patty Perez,Delta,Camera,47.0,188963.51,8881284.97,2023-10-13,Online
Ethan Adams,Ekiti,LAPTOP,4.0,179274.43,717097.72,2023-12-14,Online
Tommy Walter,Plateau,Monitor,47.0,80026.37,3761239.3899999997,2025-03-17,Wholesale
Matthew Moore,Anambra,Monitor,47.0,196849.5,9251926.5,2023-10-26,Retail
Matthew Foster,lagos,Charger,42.0,291631.03,12248503.260000002,2024-01-10,Direct
Judy Baker,Kaduna,Keyboard,47.0,173753.06,8166393.82,2025-03-15,Retail
Justin Baker,Niger,Monitor,7.0,68649.2,480544.39999999997,2024-07-28,Direct
Stephanie Ross,Sokoto,Phone,47.0,157889.24,7420794.279999999,2023-07-31,Wholesale
Zachary Hicks,Anambra,Camera,68.0,15880.87,1079899.1600000001,2024-04-16,Wholesale
Anthony Rodriguez,Oyo,MONITOR,96.0,144394.41,13861863.36,2024-09-13,Online
Rebecca Henderson,Enugu,Monitor,47.0,157507.58,7402856.26,2024-09-27,Online
James Ferrell,Sokoto,Phone,47.0,216494.26,10175230.22,2024-04-22,Online
Tricia Valencia,Rivers,Monitor,47.0,232494.54,10927243.38,2024-07-08,Wholesale
Nathan Maldonado,kano,Keyboard,47.0,114367.01,5375249.47,2025-03-26,Direct
Debra Davidson,Benue,Phone,65.0,246587.56,16028191.4,2024-09-11,Wholesale
Jeffrey Chavez,Rivers,Charger,79.0,73037.87,5769991.7299999995,2023-10-19,Wholesale
Matthew Moore,Osun,Tablet,47.0,171984.8,8083285.6,2024-10-28,Online
Sherri Baker,Osun,MONITOR,47.0,157889.24,7420794.279999999,2025-05-27,Retail
Cassandra Gaines,Katsina,Monitor,47.0,210306.01,9884382.47,2023-09-15,Online
Elizabeth Fowler,Anambra,Camera,4.0,57639.91,230559.64,2023-08-31,Retail
Brittany Farmer,Abuja,Keyboard,47.0,132591.05,6231779.35,2024-03-07,Direct
Paula Moreno,Ekiti,Camera,47.0,125924.7,5918460.899999999,2024-05-15,Direct
Fred Smith,imo,Tablet,47.0,124181.55,5836532.850000001,2025-01-17,Direct
Sherry Decker,Rivers,Monitor,47.0,61565.56,2893581.32,2025-01-19,Direct
Anthony Humphrey,Benue,Keyboard,10.0,150794.94,1507949.4,2024-07-16,Direct
Angelica Tucker,Kano,PHONE,47.0,183637.68,8630970.959999999,2024-08-22,Direct
Philip Cannon,Imo,Monitor,19.0,141745.84,2693170.96,2024-05-25,Online
John Pierce,Borno,Charger,47.0,157889.24,7420794.279999999,2025-02-27,Online
Shane Henderson,Katsina,Monitor,47.0,254588.91,11965678.77,2024-05-24,Online
Matthew Moore,Osun,Headphones,47.0,218356.93,10262775.709999999,2025-04-10,Wholesale
Joshua Blair,Plateau,Keyboard,47.0,211879.68,9958344.959999999,2024-09-29,Direct
Eric Carney,enugu,Headphones,47.0,155845.62,7324744.14,2023-09-06,Online
Jessica Holmes,Kano,Phone,47.0,168485.59,7918822.7299999995,2023-10-16,Direct
Danny Morgan,Abuja,MONITOR,47.0,299437.8,14073576.6,2024-03-13,Direct
Crystal Robinson,Delta,Phone,47.0,143772.11,6757289.169999999,2024-11-20,Wholesale
Mark Perez,Borno,Laptop,47.0,113359.02,5327873.94,2023-09-06,Direct
Shannon Jones,Kano,Monitor,47.0,287027.3,13490283.1,2024-06-24,Online
Michael Lewis,Delta,Headphones,47.0,157889.24,7420794.279999999,2024-07-06,Wholesale
Timothy Duncan,Rivers,Keyboard,93.0,138169.23,12849738.39,2024-12-20,Direct
Richard Aguirre,Benue,Headphones,47.0,160171.56,7528063.32,2024-08-15,Direct
Brent Jordan,anambra,Phone,47.0,164108.83,7713115.01,2024-04-03,Online
John Daniel,Ekiti,TABLET,47.0,202922.64,9537364.08,2023-10-18,Direct
Matthew Moore,Osun,Monitor,47.0,260362.49,12237037.03,2025-05-22,Retail
Victoria Garcia,Kaduna,Charger,94.0,204383.39,19212038.66,2025-04-14,Direct
Gerald Hensley,Osun,Camera,47.0,241193.93,11336114.709999999,2025-03-08,Direct
Connor West,Osun,Keyboard,47.0,79676.47,3744794.09,2024-09-11,Retail
Donald Wright,Enugu,Charger,47.0,145511.94,6839061.18,2024-11-18,Direct
Jessica Callahan,Anambra,Charger,47.0,157889.24,7420794.279999999,2024-10-09,Retail
Amber Kidd,Kano,Monitor,61.0,287222.55,17520575.55,2023-11-29,Retail
Tracy House,katsina,TABLET,12.0,84062.42,1008749.04,2025-02-26,Wholesale
Carol Tucker,Kaduna,Monitor,47.0,89900.5,4225323.5,2023-10-19,Wholesale
James Brown,Imo,Tablet,47.0,282474.92,13276321.239999998,2024-06-11,Wholesale
William Baker,Delta,Laptop,47.0,294686.96,13850287.120000001,2024-08-04,Direct
Jordan Henderson,Kaduna,Keyboard,47.0,231466.69,10878934.43,2025-06-17,Retail
Whitney Peters,Ekiti,Phone,47.0,211617.83,9946038.01,2025-05-15,Online
Matthew Moore,Benue,Phone,47.0,207226.85,9739661.950000001,2023-08-23,Retail
Brittney Phillips,Anambra,Charger,47.0,146956.42,6906951.74,2025-04-16,Direct
Lauren Daniels,Imo,CAMERA,47.0,157889.24,7420794.279999999,2023-10-15,Wholesale
Amy Silva,delta,Laptop,47.0,144201.13,6777453.11,2024-08-16,Direct
Sarah Moore,Sokoto,Phone,47.0,168366.03,7913203.41,2023-11-06,Wholesale
Angela Lopez,Abuja,Phone,93.0,280378.37,26075188.41,2024-03-03,Direct
Megan Young,Delta,Camera,47.0,216638.48,10182008.56,2023-11-15,Online
Steve Sanchez,Abuja,Camera,47.0,86692.92,4074567.2399999998,2023-11-13,Wholesale
Lisa Barnes,Sokoto,Phone,47.0,172256.3,8096046.1,2024-03-17,Wholesale
Kelly Donovan,Benue,Headphones,65.0,163185.67,10607068.55,2025-07-06,Retail
Mike Allen,Anambra,CAMERA,47.0,268780.26,12632672.22,2025-01-11,Direct
Michael Evans,Kano,Headphones,62.0,118662.47,7357073.14,2024-01-02,Direct
Paul Jones,enugu,Keyboard,47.0,157889.24,7420794.279999999,2024-04-04,Direct
Matthew Moore,Plateau,Laptop,47.0,103867.84,4881788.4799999995,2025-07-10,Retail
Zachary Ferrell,Sokoto,Camera,47.0,232032.77,10905540.19,2024-08-17,Direct
Daniel Baker,Enugu,Keyboard,74.0,44369.6,3283350.4,2025-06-05,Online
Shirley Suarez,Cross River,Tablet,47.0,13098.91,615648.77,2024-02-16,Retail
Christopher Bass,Benue,Charger,47.0,286616.46,13470973.620000001,2025-04-28,Wholesale
Lisa Archer,Ekiti,HEADPHONES,47.0,24169.32,1135958.04,2023-09-10,Online
Aimee Montoya,Oyo,Laptop,47.0,277240.88,13030321.36,2024-01-21,Direct
Matthew Mcmillan,Anambra,Headphones,47.0,196963.63,9257290.61,2023-12-10,Wholesale
Brian Rodriguez,oyo,Tablet,47.0,224327.88,10543410.36,2024-11-15,Direct
Denise Jacobs,Delta,Laptop,35.0,157889.24,5526123.399999999,2024-09-10,Direct
Christina Walters,Imo,Phone,47.0,64589.05,3035685.35,2024-02-09,Wholesale
John Whitehead,Imo,Tablet,47.0,248471.54,11678162.38,2023-10-16,Direct
Anna Henderson,Anambra,Monitor,47.0,81704.25,3840099.75,2024-11-07,Wholesale
Matthew Moore,Plateau,MONITOR,1.0,168824.4,168824.4,2024-03-02,Direct
Aaron Wise,Niger,Camera,47.0,81850.63,3846979.6100000003,2024-10-30,Direct
Deborah Figueroa,Plateau,Laptop,47.0,33213.36,1561027.92,2024-08-28,Retail
Jessica Smith,Benue,Camera,9.0,222396.85,2001571.6500000001,2023-09-21,Wholesale
Stephen Mckee,osun,Laptop,47.0,72164.98,3391754.0599999996,2024-08-04,Wholesale
Sandra Aguilar,Delta,Tablet,4.0,15704.25,62817.0,2024-11-19,Direct
Cameron Parker,Oyo,Laptop,47.0,157889.24,7420794.279999999,2023-11-18,Retail
Rebecca Valencia,Bauchi,Phone,47.0,271602.67,12765325.489999998,2024-10-12,Direct
Christine Wright,Cross River,CHARGER,47.0,68088.66,3200167.02,2024-10-04,Wholesale
Richard Henson,Kano,Monitor,44.0,70234.55,3090320.2,2023-11-07,Retail
Marc Moore,Abuja,Charger,47.0,30509.29,1433936.6300000001,2023-11-20,Direct
Sharon Cherry,Rivers,Laptop,47.0,99422.94,4672878.18,2024-12-03,Wholesale
Sierra Johnson,Oyo,Charger,47.0,141984.97,6673293.59,2024-11-07,Wholesale
Matthew Moore,kaduna,Phone,77.0,204517.0,15747809.0,2025-01-20,Direct
Evelyn Galvan,Niger,Monitor,7.0,41671.38,291699.66,2025-06-10,Direct
Sharon Cochran,Katsina,Keyboard,47.0,289373.37,13600548.39,2024-10-23,Retail
Richard Rodriguez,Kano,LAPTOP,47.0,157889.24,7420794.279999999,2024-03-29,Wholesale
Shannon Walker,Benue,Monitor,47.0,293384.26,13789060.22,2025-04-25,Direct
Julia Torres,Benue,Charger,47.0,47803.35,2246757.4499999997,2025-06-27,Wholesale
Crystal Johnson,Katsina,Keyboard,47.0,196041.39,9213945.33,2024-09-20,Direct
Garrett Lin,Ekiti,Headphones,47.0,264253.91,12419933.77,2023-08-11,Wholesale
Diana May,Bauchi,Monitor,47.0,142972.04,6719685.880000001,2025-04-11,Online
William Herrera,anambra,Headphones,47.0,195336.34,9180807.98,2025-05-11,Direct
Ashley Waller,Imo,Tablet,47.0,226895.36,10664081.92,2023-08-02,Retail
Victor Baker,Lagos,KEYBOARD,56.0,86529.89,4845673.84,2023-09-12,Direct
Jeffrey Chandler,Rivers,Keyboard,47.0,85981.89,4041148.83,2023-08-15,Direct
Matthew Moore,Imo,Monitor,47.0,157889.24,7420794.279999999,2024-11-20,Retail
Larry Dixon,Anambra,Tablet,47.0,18219.19,856301.9299999999,2025-02-28,Direct
Kenneth Scott,Sokoto,Charger,47.0,230733.14,10844457.58,2024-09-30,Online
April Frost,Rivers,Camera,6.0,195863.47,1175180.82,2024-02-01,Direct
Michelle Harmon,Borno,Laptop,47.0,70049.95,3292347.65,2024-11-27,Retail
Helen Jones,niger,Tablet,8.0,221736.61,1773892.88,2023-12-21,Direct
Erin Edwards,Kaduna,KEYBOARD,47.0,255174.76,11993213.72,2025-02-25,Wholesale
Michelle Evans,Ekiti,Camera,28.0,11670.82,326782.95999999996,2024-09-27,Online
Jason Powell,Lagos,Keyboard,47.0,276480.53,12994584.910000002,2024-05-29,Direct
Cameron Fisher,Anambra,Monitor,47.0,125656.55,5905857.850000001,2024-11-02,Direct
Megan Orr,Bauchi,Charger,16.0,157889.24,2526227.84,2024-11-18,Retail
Elizabeth Kelley,Kaduna,Phone,47.0,251362.66,11814045.02,2023-08-03,Wholesale
Dustin Jordan,Bauchi,Keyboard,56.0,280209.82,15691749.92,2024-07-31,Retail
Matthew Moore,Rivers,Charger,47.0,11383.78,535037.66,2025-05-31,Wholesale
Mary Marshall,borno,HEADPHONES,47.0,250942.86,11794314.42,2024-11-09,Retail
Daniel Kennedy,Bauchi,Keyboard,47.0,236494.21,11115227.87,2024-09-06,Direct
Rebecca Jackson,Katsina,Camera,47.0,56300.33,2646115.5100000002,2024-02-20,Direct
Jose Schultz,Enugu,Charger,46.0,224826.46,10342017.16,2024-11-20,Online
Robert Potter,Oyo,Tablet,47.0,261751.06,12302299.82,2024-03-01,Direct
Courtney Gonzalez,Osun,Charger,47.0,87195.36,4098181.92,2024-07-20,Direct
David Alvarez,Kaduna,Tablet,47.0,157889.24,7420794.279999999,2024-01-17,Direct
Angel Perry,Imo,Tablet,47.0,11721.12,550892.64,2025-03-27,Direct
Cheyenne Horton,Bauchi,PHONE,47.0,89868.47,4223818.09,2025-03-29,Direct
David Douglas Jr.,lagos,Camera,47.0,181033.5,8508574.5,2024-12-24,Direct
Patricia Rodriguez,Katsina,Laptop,47.0,278572.23,13092894.809999999,2024-05-21,Direct
Christopher Rubio,Sokoto,Camera,47.0,100845.11,4739720.17,2024-02-27,Direct
Matthew Moore,Cross River,Monitor,47.0,136577.55,6419144.85,2024-06-27,Direct
Amber Wright,Lagos,Keyboard,47.0,192573.07,9050934.290000001,2023-09-05,Online
Joyce Solis,Rivers,Camera,47.0,157533.4,7404069.8,2024-12-26,Wholesale
Victoria Larson,Osun,Keyboard,47.0,266833.36,12541167.92,2023-08-26,Direct
Stephanie Salazar,Borno,KEYBOARD,47.0,157889.24,7420794.279999999,2023-11-10,Direct
Kathy Rivas,Delta,Keyboard,56.0,40692.88,2278801.28,2024-06-16,Online
Stephanie Manning,abuja,Phone,47.0,151511.7,7121049.9,2024-05-28,Online
David Wright,Delta,Laptop,47.0,82214.71,3864091.37,2024-07-21,Retail
Pamela Boyd,Plateau,Tablet,68.0,242739.76,16506303.68,2024-07-05,Wholesale
Denise Jones,Kano,Camera,47.0,99539.89,4678374.83,2023-12-16,Retail
Devon Flores,Kano,Monitor,47.0,219470.21,10315099.87,2024-03-31,Direct
Brenda Hall,Cross River,Camera,47.0,194661.46,9149088.62,2024-10-24,Online
Michelle Brown,Kano,TABLET,100.0,215720.15,21572015.0,2023-10-30,Direct
Matthew Moore,Imo,Charger,47.0,4718.22,221756.34000000003,2024-03-09,Direct
Joshua Perry,Oyo,Keyboard,82.0,157889.24,12946917.68,2025-05-10,Wholesale
Jason Stein,oyo,Charger,47.0,101465.1,4768859.7,2025-01-18,Direct
Melissa Gates,Cross River,Monitor,47.0,88859.77,4176409.1900000004,2024-03-15,Online
Jamie Smith,Imo,Charger,47.0,202483.14,9516707.58,2025-01-31,Online
Paul Castaneda,Kaduna,Charger,83.0,58351.81,4843200.2299999995,2025-05-09,Online
Jennifer Adkins,Anambra,Keyboard,31.0,183480.87,5687906.97,2024-04-04,Wholesale
Lindsey Walker,Bauchi,TABLET,47.0,191798.38,9014523.86,2024-05-15,Retail
Jeffrey Johnson,Katsina,Tablet,26.0,121944.37,3170553.62,2023-10-20,Direct
Michael Powell,Niger,Tablet,78.0,128597.12,10030575.36,2025-02-20,Direct
John Anderson,Enugu,Camera,47.0,98714.03,4639559.41,2024-04-23,Direct
Alyssa Long,imo,Laptop,10.0,157889.24,1578892.4,2024-08-13,Direct
Alyssa Day,Enugu,Camera,47.0,120549.56,5665829.32,2024-09-19,Direct
Matthew Moore,Borno,Charger,47.0,29067.84,1366188.48,2023-10-01,Retail
Joel Williams,Benue,Laptop,47.0,294514.72,13842191.839999998,2024-03-14,Direct
Daniel Murphy,Osun,HEADPHONES,47.0,143497.5,6744382.5,2024-01-14,Wholesale
Jamie Walton,Ekiti,Camera,47.0,280779.7,13196645.9,2024-07-07,Direct
Darlene Miller,Bauchi,Camera,47.0,2545.62,119644.14,2023-10-14,Direct
Joshua Cooke,Ekiti,Keyboard,47.0,115380.53,5422884.91,2024-02-03,Direct
Matthew Harrington,Rivers,Tablet,47.0,134297.29,6311972.630000001,2024-06-24,Direct
Nicole Herring,delta,Tablet,41.0,80464.8,3299056.8000000003,2024-01-19,Retail
Alex Hernandez,Delta,Laptop,57.0,157889.24,8999686.68,2023-10-28,Wholesale
Michael Elliott,Kano,Camera,47.0,99222.78,4663470.66,2023-09-24,Online
Michael Wang,Sokoto,TABLET,47.0,174947.0,8222509.0,2023-08-19,Direct
Lawrence Adkins,Lagos,Camera,47.0,172076.77,8087608.1899999995,2024-02-21,Online
Robert Oconnell,Plateau,Charger,47.0,78835.17,3705252.9899999998,2024-05-04,Wholesale
Matthew Moore,Imo,Headphones,65.0,108185.85,7032080.25,2025-05-12,Direct
Alexander Collins,Delta,Tablet,47.0,71272.62,3349813.1399999997,2024-10-30,Online
Tina Sanders,Plateau,Phone,58.0,200501.94,11629112.52,2024-05-30,Online
Angela Vaughn,delta,Headphones,47.0,139885.8,6574632.6,2024-01-19,Retail
Ashley Barton,Lagos,Tablet,37.0,48335.19,1788402.03,2025-05-13,Wholesale
Lindsay Martinez,Kano,PHONE,83.0,157889.24,13104806.92,2025-06-10,Wholesale
Dr. Hannah Patterson,Abuja,Phone,47.0,205979.05,9681015.35,2023-11-12,Wholesale
Jonathan Peterson,Delta,Tablet,47.0,276970.25,13017601.75,2025-04-02,Direct
Samantha Garcia,Kano,Headphones,47.0,266396.52,12520636.440000001,2024-03-21,Retail
Madison Poole,Abuja,Keyboard,47.0,231067.39,10860167.33,2025-07-05,Direct
Jessica Gross,Sokoto,Laptop,47.0,207241.97,9740372.59,2024-10-01,Direct
Debra Morton,Kano,Phone,47.0,191794.04,9014319.88,2025-01-21,Wholesale
Karen Graham,bauchi,Tablet,47.0,282220.37,13264357.39,2024-03-09,Direct
Matthew Moore,Delta,KEYBOARD,47.0,110579.4,5197231.8,2023-12-05,Online
Debra Christian,Anambra,Keyboard,65.0,66644.35,4331882.75,2025-02-22,Direct
Angelica Keith,Cross River,Keyboard,47.0,157889.24,7420794.279999999,2023-11-11,Direct
John Bishop,Enugu,Charger,47.0,287229.48,13499785.559999999,2024-08-01,Wholesale
Allen Rosales,Imo,Headphones,92.0,143715.48,13221824.16,2024-08-13,Online
Daniel Salinas,Oyo,Phone,47.0,136766.11,6428007.169999999,2024-07-07,Wholesale
Spencer Haynes,Plateau,Tablet,23.0,296656.97,6823110.31,2024-08-01,Online
Adam Vaughan,Plateau,Keyboard,47.0,112400.64,5282830.08,2025-05-23,Online
Nathan Freeman,cross river,LAPTOP,47.0,210731.25,9904368.75,2024-03-06,Online
Melissa Brewer,Delta,Laptop,47.0,273882.67,12872485.489999998,2024-07-31,Wholesale
Ricky Davis II,Cross River,Monitor,79.0,227326.48,17958791.92,2023-07-29,Online
Elizabeth Perkins,Niger,Keyboard,47.0,240697.5,11312782.5,2023-09-18,Retail
Joseph Coleman,Enugu,Laptop,47.0,157889.24,7420794.279999999,2024-05-11,Retail
Matthew Moore,Rivers,Phone,47.0,247768.25,11645107.75,2024-08-06,Direct
Erin Warner,Rivers,Headphones,47.0,228676.96,10747817.12,2024-06-30,Retail
David Martinez,Niger,Headphones,47.0,204262.41,9600333.27,2024-01-13,Direct
Bryan Herrera,Osun,TABLET,47.0,178946.43,8410482.209999999,2023-12-25,Retail
Cathy Robinson,niger,Laptop,47.0,236317.52,11106923.44,2024-10-06,Wholesale
Dr. William Warren,Niger,Camera,47.0,157889.24,7420794.279999999,2024-04-10,Direct
Brian Lee,Ekiti,Laptop,47.0,158687.85,7458328.95,2023-08-17,Direct
Christopher Smith,Abuja,Monitor,47.0,108854.57,5116164.79,2023-08-19,Direct
Denise Mccann,Rivers,Camera,47.0,275214.79,12935095.129999999,2024-02-14,Retail
Melissa Martinez,Abuja,Monitor,78.0,157889.24,12315360.719999999,2024-07-29,Direct
Katherine Salas,Benue,Keyboard,43.0,34106.53,1466580.79,2024-10-17,Retail
Julie Alexander,Sokoto,KEYBOARD,47.0,248717.83,11689738.01,2025-05-26,Retail
Anthony Everett,Rivers,Tablet,47.0,270915.0,12733005.0,2025-04-25,Direct
Matthew Moore,delta,Monitor,47.0,61045.96,2869160.12,2024-11-30,Direct
Rodney Morales,Enugu,Tablet,47.0,161229.72,7577796.84,2024-12-14,Online
Mark Brown,Enugu,Phone,51.0,49778.88,2538722.88,2024-07-10,Direct
Justin Torres,Imo,Laptop,47.0,256418.56,12051672.32,2024-02-17,Retail
Bailey Duran DDS,Ekiti,Camera,47.0,132831.25,6243068.75,2024-08-30,Direct
Courtney Mills,Oyo,Camera,47.0,204248.42,9599675.74,2023-07-17,Direct
Jeremy Dalton,Niger,TABLET,47.0,157889.24,7420794.279999999,2025-04-29,Direct
Elizabeth Oliver DDS,Kaduna,Laptop,47.0,215216.93,10115195.709999999,2023-10-02,Direct
Theresa Clark,Anambra,Headphones,47.0,146903.98,6904487.0600000005,2024-06-09,Online
Matthew Moore,ekiti,Camera,47.0,269717.36,12676715.92,2023-10-23,Retail
Benjamin Smith,Delta,Headphones,47.0,133922.07,6294337.29,2025-05-26,Retail
Kirk Carter,Kano,Laptop,47.0,17162.92,806657.2399999999,2024-02-01,Wholesale
Michael Warner,Ekiti,Headphones,47.0,40017.33,1880814.51,2025-01-26,Online
Matthew Moore,Imo,Phone,47.0,124919.66,5871224.0200000005,2024-04-20,Direct
Michael Bradshaw,Rivers,MONITOR,40.0,169391.4,6775656.0,2025-02-23,Online
Lori Guerrero,Abuja,Keyboard,47.0,167859.76,7889408.720000001,2024-05-19,Direct
Jessica Stephens,Imo,Keyboard,47.0,157889.24,7420794.279999999,2024-04-20,Retail
Susan Serrano,Lagos,Tablet,25.0,201993.93,5049848.25,2023-08-15,Wholesale
Christopher Parker,kano,Phone,18.0,92796.78,1670342.04,2024-05-17,Wholesale
Laura Roberts,Delta,Camera,47.0,7020.25,329951.75,2023-08-19,Retail
Michael Lyons,Kaduna,Tablet,47.0,76709.94,3605367.18,2024-09-25,Direct
Kathryn Snyder,Niger,Tablet,47.0,1403.13,65947.11,2024-09-19,Online
Andrew Reynolds,Cross River,KEYBOARD,47.0,65761.44,3090787.68,2023-12-09,Wholesale
David Davis,Cross River,Laptop,47.0,22372.34,1051499.98,2024-04-17,Direct
Sara Johnston,Enugu,Camera,47.0,127397.37,5987676.39,2024-09-12,Direct
Yvonne Chambers,Benue,Tablet,47.0,210265.27,9882467.69,2024-02-20,Wholesale
Matthew Moore,Abuja,Camera,49.0,157889.24,7736572.76,2023-09-06,Direct
Andrew Avila,kaduna,Monitor,21.0,162578.47,3414147.87,2024-05-06,Direct
Matthew Moon,Benue,Laptop,47.0,18546.56,871688.3200000001,2024-08-05,Direct
Kevin Walters,Lagos,Camera,47.0,268318.42,12610965.739999998,2024-06-24,Direct
Brandon Bailey MD,Benue,HEADPHONES,57.0,295848.11,16863342.27,2025-02-23,Direct
Shannon Rivera,Anambra,Tablet,47.0,141885.32,6668610.04,2024-09-10,Online
Donna Landry,Ekiti,Headphones,47.0,86483.67,4064732.4899999998,2024-02-13,Wholesale
Krista Gibson,Borno,Laptop,47.0,54404.41,2557007.27,2025-04-12,Wholesale
Frank Cordova,Niger,Phone,47.0,41060.95,1929864.65,2024-11-06,Direct
Jose Travis,Imo,Headphones,47.0,192636.74,9053926.78,2024-12-20,Direct
Kimberly Gutierrez,cross river,Tablet,58.0,157889.24,9157575.92,2024-10-27,Retail
Isaiah Avila,Oyo,Tablet,69.0,218922.21,15105632.49,2023-10-11,Wholesale
Olivia Harris,Enugu,KEYBOARD,47.0,289152.88,13590185.36,2023-10-18,Direct
Matthew Moore,Borno,Laptop,47.0,112651.05,5294599.350000001,2023-09-24,Direct
Tanya Kim,Enugu,Keyboard,47.0,267454.41,12570357.27,2024-05-11,Online
Barbara Dudley,Abuja,Tablet,47.0,134836.87,6337332.89,2024-04-25,Retail
Cynthia Moore,Plateau,Monitor,47.0,275175.97,12933270.589999998,2025-03-19,Wholesale
Kristen Davis,Imo,Tablet,47.0,113560.16,5337327.5200000005,2024-03-30,Online
Susan Murray MD,Abuja,Keyboard,47.0,24534.87,1153138.89,2024-09-16,Retail
Kathleen Moran,sokoto,Keyboard,54.0,289261.24,15620106.959999999,2025-07-09,Wholesale
Denise Davenport,Abuja,LAPTOP,47.0,157889.24,7420794.279999999,2024-04-19,Online
Mrs. Kristen Reyes,Abuja,Phone,47.0,262428.84,12334155.48,2025-02-16,Retail
Katie Suarez,Plateau,Monitor,47.0,40330.45,1895531.15,2023-10-31,Wholesale
Desiree Tyler,Cross River,Charger,47.0,258155.83,12133324.01,2023-12-12,Retail
Timothy Romero,Bauchi,Tablet,71.0,36030.63,2558174.73,2024-10-20,Direct
Diane Evans,Bauchi,Phone,47.0,297857.61,13999307.67,2024-08-09,Direct
Matthew Moore,Kaduna,Laptop,47.0,118221.06,5556389.82,2024-05-17,Direct
Yvonne Burns,Abuja,Camera,11.0,38640.45,425044.94999999995,2024-08-02,Direct
Joshua Reed,bauchi,PHONE,47.0,293627.95,13800513.65,2023-08-11,Retail
Kimberly Gibson,Kano,Tablet,66.0,250529.07,16534918.620000001,2023-08-15,Direct
Colin Terry,Kaduna,Phone,56.0,157889.24,8841797.44,2023-08-10,Direct
Cynthia Rowe,Kano,Headphones,47.0,226975.73,10667859.31,2023-10-25,Direct
Patrick Thornton,Katsina,Keyboard,45.0,293557.96,13210108.200000001,2025-01-15,Retail
Jasmin Alvarado,Kano,Keyboard,54.0,139169.67,7515162.180000001,2024-03-25,Direct
Veronica Simpson,Delta,Tablet,47.0,215868.65,10145826.549999999,2025-03-26,Direct
Jonathan Lawrence,Benue,Headphones,48.0,127526.34,6121264.32,2024-07-12,Retail
Shelly Alexander,Rivers,MONITOR,50.0,114093.3,5704665.0,2024-08-17,Direct
Joyce Bowen,plateau,Keyboard,48.0,69284.39,3325650.7199999997,2024-06-29,Retail
Matthew Moore,Delta,Laptop,47.0,138457.27,6507491.6899999995,2023-11-03,Direct
Matthew Moore,Plateau,Keyboard,47.0,46958.85,2207065.9499999997,2024-10-23,Wholesale
Wayne Morgan,Katsina,Charger,47.0,157889.24,7420794.279999999,2025-06-03,Retail
Marie Christian,Abuja,Monitor,19.0,56949.9,1082048.1,2024-08-14,Retail
Shannon James,Katsina,Charger,47.0,262624.85,12343367.95,2023-10-27,Wholesale
Nathan Malone,Kano,Charger,47.0,229764.23,10798918.81,2024-03-21,Direct
Amanda Jones,Niger,LAPTOP,47.0,10149.09,477007.23,2025-07-03,Direct
Tammie Bright,Plateau,Headphones,47.0,198229.21,9316772.87,2024-10-29,Online
Jessica Garcia,plateau,Charger,79.0,184669.5,14588890.5,2024-03-14,Wholesale
Shelia Wallace,Bauchi,Monitor,11.0,280903.26,3089935.8600000003,2023-11-14,Online
Stephanie Williams,Sokoto,Keyboard,33.0,266767.88,8803340.040000001,2024-05-11,Direct
Elaine Brooks,Anambra,Tablet,47.0,72579.56,3411239.32,2024-10-31,Retail
Joseph Knight,Enugu,Monitor,47.0,157889.24,7420794.279999999,2025-02-04,Retail
Carolyn Miller,Sokoto,Phone,47.0,20653.63,970720.6100000001,2025-04-25,Direct
Matthew Moore,Delta,KEYBOARD,47.0,178386.27,8384154.6899999995,2024-02-28,Direct
Lisa Allen,Anambra,Laptop,47.0,134209.1,6307827.7,2024-10-14,Direct
Briana Murray,Benue,Charger,16.0,201771.08,3228337.28,2024-03-28,Direct
David Smith,oyo,Tablet,47.0,261727.62,12301198.14,2024-08-08,Direct
Stephanie Byrd,Borno,Charger,47.0,73797.88,3468500.3600000003,2025-04-14,Direct
Jeremy Reed,Ekiti,Laptop,59.0,13748.9,811185.1,2024-08-09,Direct
Margaret Coleman,Sokoto,Monitor,47.0,131969.36,6202559.919999999,2024-08-27,Direct
Ryan Gonzalez,Kano,Phone,47.0,162158.06,7621428.82,2024-07-25,Direct
John Young,Lagos,KEYBOARD,47.0,157889.24,7420794.279999999,2025-01-11,Retail
Laura Haney,Ekiti,Monitor,47.0,226438.52,10642610.44,2024-09-20,Online
William Barrett,Katsina,Phone,47.0,232931.05,10947759.35,2024-02-28,Direct
Keith Jennings,Plateau,Camera,47.0,42470.6,1996118.2,2024-07-13,Online
Amber Obrien,rivers,Charger,55.0,298048.29,16392655.95,2025-04-04,Retail
Matthew Moore,Kano,Keyboard,47.0,70631.37,3319674.3899999997,2023-07-23,Wholesale
Tanner Mitchell DDS,Imo,Keyboard,47.0,274960.91,12923162.77,2024-04-22,Online
Heather Fields,Enugu,Phone,54.0,173045.05,9344432.7,2024-03-24,Wholesale
Megan Le,Bauchi,CAMERA,47.0,173453.71,8152324.369999999,2024-12-15,Retail
Sara Fuller,Anambra,Tablet,47.0,231875.19,10898133.93,2023-10-04,Direct
Maria Parker,Oyo,Headphones,47.0,157889.24,7420794.279999999,2024-05-29,Wholesale
Kevin Oconnor,Osun,Tablet,47.0,245605.56,11543461.32,2024-10-06,Retail
Edward Burgess,Kano,Keyboard,47.0,71452.76,3358279.7199999997,2024-03-05,Direct
Carlos Ryan,delta,Keyboard,71.0,262939.37,18668695.27,2025-03-20,Direct
Kiara Mcintyre,Osun,Laptop,47.0,295715.82,13898643.540000001,2025-06-08,Direct
Dawn Summers,Borno,Phone,47.0,156614.69,7360890.43,2025-01-24,Direct
Dr. Paul Morgan,Kaduna,CAMERA,47.0,124361.28,5844980.16,2025-05-18,Direct
Victor Taylor,Ekiti,Headphones,47.0,82908.6,3896704.2,2024-12-26,Online
Matthew Moore,Imo,Tablet,47.0,167237.08,7860142.76,2024-11-10,Direct
Shannon Ramsey,Borno,Phone,47.0,177704.3,8352102.1,2023-07-31,Online
Tracy Ballard,Katsina,Monitor,47.0,157889.24,7420794.279999999,2024-10-16,Wholesale
Richard Smith,Bauchi,Laptop,47.0,220696.03,10372713.41,2024-07-13,Direct
Jordan Chambers,lagos,Camera,47.0,52952.39,2488762.33,2024-02-02,Wholesale
Lauren Carson,Imo,Laptop,47.0,203785.66,9577926.02,2024-12-01,Direct
Ashley Hall,Borno,KEYBOARD,18.0,166977.27,3005590.86,2025-03-10,Online
Stephen Hoffman,Rivers,Laptop,47.0,14541.79,683464.13,2025-03-04,Direct
Connie Brown,Oyo,Headphones,47.0,103652.24,4871655.28,2024-10-02,Direct
Susan Turner,Anambra,Keyboard,47.0,193173.16,9079138.52,2024-10-01,Retail
Charles Shah,Rivers,Tablet,47.0,114655.81,5388823.07,2024-01-03,Direct
Johnathan Davis,Rivers,Tablet,47.0,157576.69,7406104.43,2025-01-21,Online
Brandy Chavez,Imo,Monitor,24.0,157889.24,3789341.76,2023-08-19,Retail
Matthew Moore,oyo,Keyboard,47.0,209044.37,9825085.39,2024-10-06,Wholesale
Natalie Bautista,Anambra,KEYBOARD,47.0,122773.62,5770360.14,2024-07-18,Online
Patrick Moore,Borno,Camera,47.0,90316.6,4244880.2,2023-11-20,Direct
Brett Burns,Katsina,Keyboard,26.0,55571.75,1444865.5,2024-08-21,Wholesale
Trevor Johnson,Enugu,Headphones,26.0,161609.52,4201847.52,2024-11-10,Wholesale
Jeremy Sampson,Sokoto,Monitor,47.0,72669.97,3415488.59,2025-01-21,Online
Ariana Jennings,Enugu,Camera,47.0,67990.69,3195562.43,2024-11-03,Direct
Vanessa Howard,Anambra,Headphones,47.0,257333.6,12094679.200000001,2025-03-03,Online
Colton Martinez,Bauchi,Laptop,33.0,43733.35,1443200.55,2025-04-24,Retail
Jordan Bates,cross river,TABLET,47.0,157889.24,7420794.279999999,2024-05-01,Retail
Linda Smith,Anambra,Monitor,47.0,139176.04,6541273.880000001,2023-11-02,Direct
Dana Martinez,Abuja,Charger,46.0,17758.37,816885.0199999999,2025-04-09,Wholesale
Andrea Hubbard,Kano,Tablet,47.0,124096.91,5832554.7700000005,2024-12-20,Direct
Matthew Moore,Niger,Phone,35.0,125244.11,4383543.85,2024-01-15,Direct
Daniel Kane,Anambra,Tablet,47.0,159232.55,7483929.85,2023-08-04,Retail
Charles Lester,Abuja,Tablet,47.0,116831.51,5491080.97,2024-09-27,Direct
Scott Thomas,Lagos,Keyboard,47.0,76871.2,3612946.4,2025-01-05,Retail
David Thompson,Sokoto,HEADPHONES,44.0,99413.77,4374205.88,2023-10-04,Retail
Allison Smith,oyo,Keyboard,47.0,24181.59,1136534.73,2023-12-06,Retail
Cynthia Morris,Anambra,Keyboard,47.0,157889.24,7420794.279999999,2023-07-25,Online
Anthony Harmon,Kaduna,Charger,47.0,135211.15,6354924.05,2024-06-17,Direct
Nichole Alvarez,Ekiti,Charger,47.0,111637.71,5246972.37,2024-03-10,Wholesale
Kayla Rodriguez,Imo,Monitor,55.0,160922.84,8850756.2,2024-05-31,Direct
Theresa Williams,Niger,Keyboard,47.0,248907.18,11698637.459999999,2023-11-05,Wholesale
Sharon Boyd,Imo,Charger,47.0,15935.22,748955.34,2024-05-26,Direct
Victor Brown,Lagos,CAMERA,47.0,113461.81,5332705.07,2024-12-28,Direct
Matthew Moore,Rivers,Camera,14.0,181688.35,2543636.9,2023-12-16,Retail
James Parks,kano,Monitor,47.0,12344.49,580191.03,2024-05-24,Wholesale
Theodore Jones Jr.,Oyo,Camera,47.0,22298.91,1048048.77,2024-08-03,Wholesale
Ana Hill,Imo,Monitor,47.0,157889.24,7420794.279999999,2025-03-03,Wholesale
Kimberly Nguyen,Abuja,Phone,47.0,241492.86,11350164.42,2024-10-27,Direct
Kerry Chavez DDS,Osun,Charger,47.0,176481.31,8294621.57,2025-06-24,Wholesale
Michael Farrell,Plateau,Keyboard,47.0,201599.43,9475173.209999999,2024-07-11,Direct
Patricia Le,Imo,MONITOR,58.0,65496.45,3798794.0999999996,2025-05-18,Online
Jesse Perez,Oyo,Monitor,47.0,63062.28,2963927.16,2025-04-29,Retail
Jesse Perry,Niger,Headphones,47.0,272156.33,12791347.510000002,2025-02-01,Direct
Jeffery Ortega,oyo,Keyboard,47.0,91304.81,4291326.07,2025-01-25,Online
Christian Leblanc,Abuja,Phone,8.0,272743.75,2181950.0,2023-08-28,Wholesale
Ronald Davis,Borno,Headphones,47.0,63936.43,3005012.21,2025-01-09,Retail
Matthew Moore,Osun,Charger,47.0,157889.24,7420794.279999999,2023-10-26,Retail
Parker Cain,Abuja,Laptop,47.0,57412.1,2698368.6999999997,2024-08-16,Retail
Laurie Hoffman,Osun,KEYBOARD,87.0,222571.82,19363748.34,2023-12-19,Retail
Bryan Gomez,Enugu,Laptop,4.0,224190.33,896761.32,2024-09-18,Wholesale
Nicole Parrish,Delta,Keyboard,47.0,226422.06,10641836.82,2024-03-19,Retail
Tracy Burke,Rivers,Phone,57.0,274375.17,15639384.69,2024-12-06,Direct
Kenneth Lewis,osun,Headphones,17.0,208840.07,3550281.19,2024-07-16,Direct
Courtney Rodriguez,Imo,Monitor,47.0,211278.69,9930098.43,2024-08-22,Retail
Holly Farmer,Niger,Headphones,47.0,119291.3,5606691.100000001,2024-04-28,Direct
Renee Bruce,Katsina,Laptop,47.0,72179.62,3392442.1399999997,2024-03-10,Wholesale
Sabrina Austin,Oyo,KEYBOARD,47.0,157889.24,7420794.279999999,2023-11-22,Direct
Allison Hickman,Delta,Tablet,47.0,96823.7,4550713.899999999,2024-07-02,Direct
Debra White,Kaduna,Charger,47.0,85276.23,4007982.8099999996,2025-06-18,Direct
Matthew Moore,Kaduna,Monitor,47.0,140142.01,6586674.470000001,2024-08-28,Online
Ellen Morgan,Niger,Laptop,98.0,194792.04,19089619.92,2024-04-01,Online
Sergio Knight,lagos,Charger,74.0,92872.47,6872562.78,2024-09-07,Direct
Charles Schultz,Kaduna,Monitor,47.0,108213.56,5086037.32,2024-04-11,Direct
Paul Lewis,Sokoto,Charger,47.0,264902.18,12450402.459999999,2024-12-16,Wholesale
Glen Wood,Niger,KEYBOARD,47.0,140068.22,6583206.34,2025-03-01,Wholesale
Paula Bradley,Delta,Phone,32.0,240943.58,7710194.56,2025-05-14,Direct
Anthony Moore,Anambra,Laptop,47.0,157889.24,7420794.279999999,2025-01-20,Direct
Megan Nelson,Kaduna,Camera,47.0,216862.87,10192554.89,2024-12-20,Wholesale
Karla Ramos,Rivers,Tablet,47.0,228607.88,10744570.36,2024-11-21,Direct
Paul Wilson,Benue,Camera,72.0,96409.87,6941510.64,2025-03-26,Online
Douglas Gregory,abuja,Laptop,47.0,61336.68,2882823.96,2024-12-30,Online
Mr. Andrew Foster,Cross River,Monitor,47.0,94220.14,4428346.58,2024-02-01,Direct
Matthew Moore,Delta,LAPTOP,47.0,14191.78,667013.66,2024-10-26,Wholesale
Aimee Turner,Enugu,Laptop,47.0,259293.41,12186790.27,2024-07-21,Online
Chad Scott,Ekiti,Keyboard,63.0,222505.09,14017820.67,2023-12-07,Direct
Adam Burgess,Osun,Headphones,16.0,5357.86,85725.76,2024-01-18,Direct
James Padilla,Borno,Tablet,47.0,157889.24,7420794.279999999,2024-02-12,Retail
Sandra Drake,Delta,Phone,47.0,166216.81,7812190.07,2024-09-16,Direct
Scott Williams,Delta,Phone,57.0,175417.55,9998800.35,2024-02-27,Retail
Thomas Atkins,lagos,Charger,47.0,216143.58,10158748.26,2024-01-01,Direct
Laura Mckinney,Enugu,PHONE,47.0,88910.09,4178774.23,2024-02-27,Wholesale
Brian Smith,Benue,Tablet,91.0,59259.44,5392609.04,2025-02-28,Wholesale
Robert Montgomery,Sokoto,Charger,47.0,69390.58,3261357.2600000002,2024-02-20,Wholesale
Tamara Davis,Anambra,Charger,47.0,171151.96,8044142.119999999,2025-01-08,Wholesale
Dana Chapman,Kano,Monitor,47.0,74096.14,3482518.58,2023-12-18,Direct
Matthew Moore,Anambra,Headphones,47.0,165417.44,7774619.68,2024-12-28,Direct
Jennifer Collins,Osun,Camera,82.0,157889.24,12946917.68,2025-01-08,Retail
Gary Jackson,Bauchi,Monitor,47.0,283067.63,13304178.61,2024-07-24,Direct
Ashley Hicks,benue,HEADPHONES,29.0,101600.5,2946414.5,2024-03-13,Direct
Hannah Luna,Imo,Headphones,26.0,229126.51,5957289.26,2024-07-17,Wholesale
Robin Young,Sokoto,Headphones,47.0,146842.02,6901574.9399999995,2024-04-06,Online
Craig Morrison,Lagos,Laptop,47.0,217205.6,10208663.200000001,2024-09-18,Online
Mary Thompson,Rivers,Monitor,47.0,222008.43,10434396.209999999,2025-07-05,Online
Kathleen Webster,Anambra,Camera,47.0,138518.29,6510359.630000001,2025-07-05,Direct
Joann Glass,Kaduna,Keyboard,71.0,219965.28,15617534.88,2025-03-19,Online
Madison Weber,Plateau,Headphones,79.0,105976.76,8372164.04,2025-01-21,Online
Lori Hernandez,Anambra,CAMERA,47.0,157889.24,7420794.279999999,2024-02-08,Retail
Jeremy Turner,abuja,Keyboard,47.0,42417.58,1993626.26,2024-02-19,Direct
Matthew Moore,Rivers,Tablet,47.0,164190.63,7716959.61,2023-10-13,Direct
Anthony Romero,Katsina,Keyboard,47.0,55622.31,2614248.57,2024-09-28,Online
Jesse Brown,Niger,Tablet,47.0,266864.68,12542639.959999999,2024-12-17,Direct
Angela Lin,Osun,Phone,74.0,297101.9,21985540.6,2024-09-04,Retail
Lisa Hunter,Sokoto,Keyboard,47.0,287192.45,13498045.15,2024-04-30,Retail
Julian Conner,Niger,Tablet,83.0,157421.35,13065972.05,2025-06-05,Wholesale
Joanna Pacheco,Katsina,HEADPHONES,47.0,251801.01,11834647.47,2024-05-12,Retail
Erica Alvarez,Bauchi,Laptop,47.0,22761.96,1069812.1199999999,2025-04-06,Wholesale
Antonio Garcia,rivers,Keyboard,45.0,157889.24,7105015.8,2024-04-04,Online
Gwendolyn Klein,Benue,Charger,47.0,245489.78,11538019.66,2025-03-02,Wholesale
Carrie Wright,Plateau,Tablet,47.0,15030.06,706412.82,2025-03-26,Wholesale
Jeffrey Mills,Enugu,Monitor,24.0,2411.96,57887.04,2023-11-01,Online
Jake Campbell,Anambra,Tablet,47.0,41678.71,1958899.3699999999,2024-02-21,Wholesale
Matthew Moore,Abuja,Keyboard,8.0,189395.14,1515161.12,2023-08-12,Retail
George Harper,Niger,TABLET,67.0,20856.4,1397378.8,2024-02-19,Online
Maria Jones,Lagos,Camera,39.0,45733.38,1783601.8199999998,2025-01-15,Direct
Michael Mitchell,Bauchi,Monitor,47.0,66006.54,3102307.38,2023-09-10,Wholesale
Mary Escobar,imo,Keyboard,91.0,137074.89,12473814.990000002,2024-04-05,Retail
Felicia Aguilar,Enugu,Laptop,47.0,157889.24,7420794.279999999,2025-06-27,Direct
Gregory Ponce,Osun,Camera,37.0,18604.81,688377.9700000001,2024-06-18,Online
Jenna Larson,Niger,Monitor,33.0,191499.71,6319490.43,2024-12-01,Online
Emily Bennett,Kano,Charger,47.0,280204.16,13169595.52,2024-01-26,Online
Robin Santiago,Sokoto,TABLET,36.0,273869.06,9859286.16,2025-02-10,Retail
Nancy Jennings,Katsina,Tablet,47.0,197955.66,9303916.02,2024-07-17,Direct
Maria Henderson,Sokoto,Phone,47.0,5211.66,244948.02,2023-12-24,Online
Jack White,Rivers,Monitor,47.0,159897.64,7515189.080000001,2023-12-14,Retail
Matthew Moore,borno,Tablet,83.0,123695.88,10266758.040000001,2025-04-14,Direct
Travis Tucker,Bauchi,Phone,47.0,5509.48,258945.55999999997,2024-09-01,Retail
Chad Jones,Borno,Phone,20.0,157889.24,3157784.8,2024-02-06,Direct
Ashley Wise,Niger,Keyboard,47.0,216796.72,10189445.84,2025-07-04,Direct
Sophia Johnson,Sokoto,TABLET,47.0,160953.56,7564817.32,2024-09-19,Online
Ralph Anderson,Benue,Camera,47.0,86363.22,4059071.34,2025-01-01,Online
Christopher Guerra,Borno,Charger,6.0,150913.7,905482.2000000001,2024-02-06,Wholesale
Rhonda Martin,Imo,Camera,11.0,209508.79,2304596.69,2023-10-25,Online
Jason Rhodes,Oyo,Camera,47.0,129456.68,6084463.96,2023-10-03,Direct
Jeremy Mitchell,enugu,Tablet,47.0,281943.72,13251354.839999998,2024-10-31,Retail
Joann Ferguson,Niger,Headphones,47.0,54190.42,2546949.7399999998,2025-02-05,Direct
Robert Harrison,Benue,Laptop,47.0,275455.63,12946414.61,2024-10-08,Online
Holly Valentine,Kaduna,PHONE,82.0,157889.24,12946917.68,2024-01-12,Retail
Matthew Moore,Katsina,Tablet,47.0,157553.43,7405011.21,2024-01-15,Direct
Mrs. Diane Reyes,Plateau,Keyboard,47.0,72670.17,3415497.9899999998,2023-08-19,Online
Tracy Montoya,Borno,Phone,47.0,186124.36,8747844.92,2024-12-12,Online
Brenda Wright,Benue,Charger,62.0,76099.25,4718153.5,2025-06-13,Online
Shelly Spencer,Imo,Headphones,47.0,106655.11,5012790.17,2024-08-26,Wholesale
Ryan Rosales,lagos,Laptop,47.0,238583.43,11213421.209999999,2024-01-02,Wholesale
Phillip Nelson,Borno,Tablet,47.0,24166.26,1135814.22,2024-11-17,Wholesale
Brittany Kim,Borno,CHARGER,8.0,287809.69,2302477.52,2024-01-07,Retail
Courtney Hayes,Enugu,Monitor,47.0,137969.82,6484581.54,2023-08-20,Direct
Alexander Brown,Niger,Headphones,47.0,157889.24,7420794.279999999,2023-09-26,Retail
Cynthia Vang,Plateau,Camera,47.0,73340.76,3447015.7199999997,2024-05-27,Retail
Alfred Galvan,Katsina,Headphones,78.0,209322.28,16327137.84,2024-03-23,Online
Marie Moody,Sokoto,Charger,47.0,90342.4,4246092.8,2025-01-18,Direct
Matthew Moore,Ekiti,Tablet,47.0,248504.59,11679715.73,2024-07-11,Direct
Dustin Gallegos,ekiti,Headphones,47.0,24644.77,1158304.19,2023-09-27,Online
Brenda Thornton,Ekiti,TABLET,47.0,297506.57,13982808.790000001,2024-12-21,Direct
Aaron Miller,Enugu,Keyboard,47.0,195143.39,9171739.33,2025-02-28,Retail
Ruben Dunn,Bauchi,Tablet,47.0,9989.51,469506.97000000003,2023-10-25,Direct
Kelsey Rodriguez,Cross River,Charger,47.0,121880.85,5728399.95,2023-07-15,Wholesale
Eric Williams,Kaduna,Laptop,47.0,157889.24,7420794.279999999,2024-09-10,Retail
Riley Bryant,Kano,Keyboard,58.0,113462.29,6580812.819999999,2025-07-01,Retail
Taylor Carlson,Borno,Laptop,19.0,143063.53,2718207.07,2023-11-10,Direct
Jose Allen,Bauchi,Headphones,47.0,191206.05,8986684.35,2024-05-22,Direct
Jeffrey Mendez,katsina,CAMERA,47.0,211002.12,9917099.64,2024-11-29,Direct
Jason Beck,Sokoto,Monitor,54.0,25264.49,1364282.4600000002,2025-07-06,Retail
William Jones,Kano,Charger,47.0,253676.27,11922784.69,2025-05-25,Online
Matthew Moore,Delta,Laptop,47.0,193649.72,9101536.84,2025-05-23,Online
Katie Mcneil,Borno,Monitor,41.0,99715.55,4088337.5500000003,2024-07-14,Retail
Jeanette Harrison,Delta,Phone,98.0,293210.1,28734589.799999997,2024-07-15,Online
Veronica King,Enugu,Tablet,47.0,157889.24,7420794.279999999,2024-11-27,Direct
Richard Cooper,Oyo,Laptop,47.0,292165.0,13731755.0,2023-12-12,Direct
Lori Ingram,Lagos,KEYBOARD,47.0,268489.97,12619028.589999998,2025-02-17,Wholesale
Evelyn Williams,abuja,Charger,3.0,275786.09,827358.27,2024-02-19,Direct
Robin Thompson,Delta,Tablet,47.0,69315.07,3257808.2900000005,2024-03-16,Wholesale
Julie Dominguez,Cross River,Monitor,59.0,270431.25,15955443.75,2024-02-17,Retail
Robin Brown,Katsina,Charger,47.0,207840.17,9768487.99,2024-11-23,Retail
Judith Carter,Kano,Laptop,46.0,170251.85,7831585.100000001,2023-08-25,Wholesale
Curtis Williams,Ekiti,Camera,47.0,81692.97,3839569.59,2025-06-15,Online
Kaylee Hays,Niger,Keyboard,47.0,277285.7,13032427.9,2025-02-27,Retail
Matthew Moore,Plateau,PHONE,47.0,157889.24,7420794.279999999,2023-09-18,Direct
Dawn Mullins,Enugu,Charger,47.0,205486.41,9657861.27,2024-11-28,Direct
Howard Norman,benue,Camera,69.0,84471.72,5828548.68,2024-09-28,Direct
Evelyn Martinez,Cross River,Laptop,47.0,163137.69,7667471.43,2024-01-07,Direct
Steve Paul,Benue,Keyboard,47.0,197603.72,9287374.84,2024-08-29,Wholesale
Jasmine Beltran,Delta,Tablet,47.0,54216.67,2548183.4899999998,2025-02-03,Online
Jonathan Glass MD,Oyo,Monitor,47.0,255203.07,11994544.290000001,2025-01-22,Wholesale
Monica Miller,Lagos,Laptop,47.0,5189.6,243911.2,2025-05-01,Retail
Samantha Gardner,Rivers,HEADPHONES,52.0,62543.86,3252280.72,2025-07-07,Direct
Bobby Guerrero,Niger,Phone,47.0,43685.37,2053212.3900000001,2023-08-08,Direct
Lance Simmons,Delta,Phone,47.0,157889.24,7420794.279999999,2025-06-19,Direct
Heather Williams,kaduna,Tablet,47.0,246296.88,11575953.36,2025-06-25,Retail
Heather Bolton,Bauchi,Keyboard,47.0,246360.27,11578932.69,2023-11-23,Direct
Matthew Moore,Ekiti,Laptop,47.0,278698.04,13098807.879999999,2024-05-30,Wholesale
William Gould,Abuja,Laptop,47.0,90133.43,4236271.21,2025-05-26,Online
Mark Cox,Imo,Camera,47.0,169405.48,7962057.5600000005,2025-04-21,Retail
Meghan Cisneros,Delta,HEADPHONES,47.0,170225.43,8000595.21,2023-11-24,Direct
Lawrence Harrington,Rivers,Monitor,16.0,254908.01,4078528.16,2025-07-05,Direct
Austin Osborne,Ekiti,Keyboard,47.0,203271.97,9553782.59,2025-06-24,Online
James Bradley,Oyo,Charger,47.0,162398.45,7632727.15,2023-08-08,Retail
Meghan Rush,ekiti,Monitor,47.0,157889.24,7420794.279999999,2025-04-20,Direct
Phillip Berry,Bauchi,Headphones,97.0,115461.94,11199808.18,2024-05-14,Direct
Jennifer Banks,Imo,Monitor,47.0,222053.68,10436522.959999999,2025-03-14,Online
Brian Fitzgerald,Katsina,Laptop,47.0,237254.18,11150946.459999999,2024-07-29,Direct
Mr. Justin Green III,Sokoto,KEYBOARD,65.0,206948.51,13451653.15,2023-12-02,Online
Zachary Mitchell,Ekiti,Monitor,6.0,23989.09,143934.54,2025-07-07,Wholesale
Matthew Moore,Katsina,Tablet,47.0,223764.24,10516919.28,2025-02-11,Wholesale
Katherine Martinez,Bauchi,Phone,47.0,104084.92,4891991.24,2025-05-18,Retail
Jodi Roach,Niger,Charger,47.0,29756.89,1398573.83,2025-06-29,Direct
Brandon Fleming,imo,Camera,47.0,70027.13,3291275.1100000003,2024-02-20,Direct
